average_entropy,average_policy_loss,average_value,average_value_loss,eplenmean,eprewmean,eval_eplenmean,eval_eprewmean,explained_variance,fps,n_updates,num_ppo_update,steps,total_steps
2.7080498,-0.0019613325906296573,0.0755937,0.8269853728512923,73.4,0.9,78.0909090909091,1.0909091,-0.000205428254280271,555,24,1.0,256,1024
2.7071757,-0.0024429146433249116,0.26984015,0.4699136094811062,78.12,1.04,76.32,1.36,0.017433326620210687,723,48,2.0,512,2048
2.7006946,-0.002061709050192601,0.42224237,0.3793707155726022,73.525,1.075,75.12820512820512,1.3333334,-0.03375532035826945,734,72,3.0,768,3072
2.698611,-0.0022503296786453575,0.59105015,0.32872108548569184,74.73076923076923,1.0192307,75.15686274509804,1.4509804,-0.06602829466724591,724,96,4.0,1024,4096
2.687905,-0.001968760099261999,0.7829059,0.20947439573705195,77.015625,1.09375,78.88888888888889,1.8730159,-0.012402069416217465,660,120,5.0,1280,5120
2.689456,-0.002985806558281183,0.8519803,0.2149518858641386,78.42666666666666,1.1466666,77.75,1.8552631,-0.00846416249445614,660,144,6.0,1536,6144
2.6877208,-7.523245178163051e-05,0.9115158,0.21140827089548112,76.47252747252747,1.1318681,77.78021978021978,1.7582418,0.0922664459410768,689,168,7.0,1792,7168
2.6894119,-0.0035371587285771967,0.77079153,0.25611861020326615,77.6,1.15,77.42,1.8,0.1196080621900536,669,192,8.0,2048,8192
2.686729,-0.004440916902385652,0.9766644,0.2885043102502823,77.32,1.25,79.42,1.92,0.02992505041493443,613,216,9.0,2304,9216
2.6757412,-0.006977872303687036,1.0916415,0.3011236642301083,77.72,1.32,80.63,1.97,0.19074402848909766,672,240,10.0,2560,10240
2.686032,-0.0058154827868565915,0.98157746,0.3305772848427296,78.68,1.44,80.33,1.95,0.025157874106914946,685,264,11.0,2816,11264
2.677626,-0.0033429650403559207,1.0838066,0.2923989038914442,78.91,1.51,78.93,1.82,0.108053884259384,649,288,12.0,3072,12288
2.6696656,-0.0055045514926314355,0.8519479,0.3218038219958544,76.39,1.52,77.42,1.55,0.18921720707889855,735,312,13.0,3328,13312
2.6642075,-0.005335204657167196,0.9477395,0.27590881690382957,77.89,1.51,80.29,1.66,0.046918896602284876,732,336,14.0,3584,14336
2.6376412,-0.005350311249494553,0.95595884,0.2581905519962311,80.2,1.66,80.45,1.76,-0.010443344499758034,743,360,15.0,3840,15360
2.6483512,-0.007214064281433821,1.0391605,0.28501046657562257,79.73,1.68,83.25,1.79,0.020921826997092108,738,384,16.0,4096,16384
2.6420302,-0.00594019902870059,1.0328203,0.2551820857077837,82.47,1.86,84.04,1.65,0.2584608578729024,733,408,17.0,4352,17408
2.6457837,-0.005766093097627163,1.2097032,0.2733359120041132,84.63,1.95,85.07,1.77,0.2560440396622927,716,432,18.0,4608,18432
2.6271808,-0.006060047885403037,1.1302129,0.2733759443461895,84.8,1.89,86.89,1.83,0.2805832533010707,694,456,19.0,4864,19456
2.6484492,-0.009256025413051247,0.9422606,0.25152835369110105,84.39,1.94,88.55,1.92,-0.022149835487604852,725,480,20.0,5120,20480
2.619736,-0.008904277114197612,0.98954237,0.22185277163982392,86.32,2.06,89.52,2.04,0.23742861431072815,738,504,21.0,5376,21504
2.6089075,-0.010603491133078933,1.055279,0.2226553350687027,88.11,2.03,91.26,2.08,0.41544715096656426,727,528,22.0,5632,22528
2.5875254,-0.011102421879768372,1.1233758,0.20741193801164626,89.79,2.18,91.37,1.95,0.29306583301501243,742,552,23.0,5888,23552
2.5663085,-0.008476756922900676,1.0993007,0.2019480948150158,91.17,2.22,93.07,1.92,0.39410835145902645,746,576,24.0,6144,24576
2.5096662,-0.011518343314528466,1.162145,0.22437766700983047,91.63,2.4,89.81,1.87,0.07570747294110058,730,600,25.0,6400,25600
2.5334537,-0.012051366092637182,1.3261455,0.2041255033016205,90.96,2.28,90.44,1.95,0.5564887516731412,731,624,26.0,6656,26624
2.576086,-0.008948185192421078,1.2047668,0.1945036432147026,90.37,2.17,89.8,1.84,0.5267511918138967,703,648,27.0,6912,27648
2.524579,-0.013274834817275405,1.099003,0.1791473240405321,89.41,2.08,91.44,1.88,0.501927005270294,683,672,28.0,7168,28672
2.5448518,-0.017206465434283016,0.9354409,0.15077125146985054,92.94,2.2,87.75,1.81,0.15443092042652828,725,696,29.0,7424,29696
2.5327582,-0.017011504555121064,0.9036093,0.13144639782607556,93.42,1.93,90.31,1.97,0.4572587495436492,738,720,30.0,7680,30720
2.5543575,-0.019611667804419995,1.0056789,0.15905167922377586,94.37,2.15,89.66,2.08,-0.14914937643537307,733,744,31.0,7936,31744
2.5632455,-0.020613262355327608,0.92512095,0.1537219077348709,92.47,2.03,88.5,2.08,0.2999902383985875,741,768,32.0,8192,32768
2.5303483,-0.01743406186811626,0.8628087,0.1484114135056734,92.04,1.99,88.48,2.24,0.43573677127701027,735,792,33.0,8448,33792
2.4937716,-0.013427876755595208,1.2600058,0.15339233316481113,90.29,1.75,90.49,2.3,0.41191795197988357,737,816,34.0,8704,34816
2.5170429,-0.015487096859142185,1.1235319,0.18463611453771592,89.7,1.86,90.08,2.36,-0.16159441089641557,729,840,35.0,8960,35840
2.4704635,-0.016952505409717558,1.1391212,0.21337018817663192,94.67,2.25,90.34,2.37,0.30354533835862174,686,864,36.0,9216,36864
2.4617374,-0.016279226113110782,1.1956086,0.22507612712681294,97.25,2.55,91.34,2.53,0.1222248855838245,690,888,37.0,9472,37888
2.4163866,-0.012453220738098025,1.5130991,0.24310511812567712,97.02,2.72,93.76,2.65,0.20166766806129033,734,912,38.0,9728,38912
2.4137135,-0.01637863459996879,1.4490888,0.2539574032276869,95.5,2.74,95.29,2.72,0.30967078871928233,708,936,39.0,9984,39936
2.4484594,-0.017901166612282395,1.4194309,0.23214479275047778,96.22,3.05,95.2,2.85,0.3107518530212383,727,960,40.0,10240,40960
2.4381597,-0.01887384663335979,1.4116875,0.2269695918262005,96.49,3.11,97.02,3.01,0.06874855409946867,742,984,41.0,10496,41984
2.4318388,-0.019235466765239836,1.4760169,0.21734639175236226,98.62,3.26,98.71,3.29,0.11328591789767017,741,1008,42.0,10752,43008
2.4210918,-0.015393175156787038,1.396498,0.18092617698013783,98.9,3.19,98.96,3.23,0.07173205428292417,733,1032,43.0,11008,44032
2.4465096,-0.014854652797803283,1.5537034,0.16915440686047079,100.01,3.33,98.23,3.16,0.29228724268044215,720,1056,44.0,11264,45056
2.446051,-0.018550832122564316,1.3980274,0.16058134026825427,98.5,3.07,100.1,3.45,0.37713640241343127,706,1080,45.0,11520,46080
2.4968078,-0.017171540185809134,1.3040394,0.15089035846292972,96.2,2.8,100.96,3.42,0.3103076649802712,700,1104,46.0,11776,47104
2.4956276,-0.01755753070116043,1.03829,0.1332072265446186,96.13,2.72,98.88,3.22,0.321080537961168,734,1128,47.0,12032,48128
2.426339,-0.019739969549700618,1.2827586,0.1228010257333517,96.84,2.7,97.97,3.19,0.5073626860281839,733,1152,48.0,12288,49152
2.469003,-0.019889178900048137,1.188255,0.1279769830405712,95.79,2.45,98.44,3.34,0.3190831910937939,730,1176,49.0,12544,50176
2.5133774,-0.022773324605077506,1.133216,0.14277382738888264,93.52,2.47,98.56,3.16,0.07876098823816702,728,1200,50.0,12800,51200
2.504976,-0.019802879840135575,1.1905184,0.14055214397609234,93.77,2.36,97.27,2.89,0.3840141611391875,737,1224,51.0,13056,52224
2.5137422,-0.02449882972985506,1.2363766,0.13373102813959123,91.97,2.36,97.67,2.94,0.3061029967005646,736,1248,52.0,13312,53248
2.455729,-0.021599732004106045,1.2734852,0.14584474630653857,92.74,2.4,96.27,2.91,0.05930638648689257,717,1272,53.0,13568,54272
2.4462998,-0.021261319890618323,1.3310536,0.13537516489624976,90.75,2.33,93.22,2.59,0.10067736251110648,689,1296,54.0,13824,55296
2.5097823,-0.01963104256428778,1.2375282,0.12741097703576088,93.26,2.43,92.77,2.53,0.38273705726596474,700,1320,55.0,14080,56320
2.5513515,-0.019777624756097793,1.2236643,0.14319551199674607,91.87,2.44,92.75,2.6,0.23139512193877265,742,1344,56.0,14336,57344
2.5372677,-0.0189155949652195,1.1788579,0.13822509191930293,91.2,2.45,94.05,2.8,0.1851568245393489,733,1368,57.0,14592,58368
2.514784,-0.02007013880647719,1.1887429,0.13890922859311103,88.94,2.35,94.31,2.64,0.14057898548737113,730,1392,58.0,14848,59392
2.518455,-0.02006202796474099,1.2925124,0.18288990177214146,89.11,2.41,94.52,2.92,0.03379862107800946,735,1416,59.0,15104,60416
2.4959457,-0.01735875114798546,1.5113432,0.19669332042336463,90.38,2.56,93.93,2.88,0.22261227964825914,729,1440,60.0,15360,61440
2.4938178,-0.020918432045727967,1.5526372,0.19079256989061832,91.75,2.7,96.25,2.98,0.378655078608763,727,1464,61.0,15616,62464
2.4903178,-0.020458245780318976,1.4507922,0.19068587638437748,89.06,2.52,94.27,3.01,0.22264618264133096,697,1488,62.0,15872,63488
2.553206,-0.021683850977569818,1.2923322,0.14968906506896018,87.87,2.5,96.67,3.17,0.35871090926735516,671,1512,63.0,16128,64512
2.5381637,-0.024008756140246987,1.2722,0.12275076180696487,88.21,2.51,96.11,3.06,0.43799925427038844,711,1536,64.0,16384,65536
2.5199034,-0.020623027523979546,1.0145366,0.12780001059174537,89.82,2.47,96.23,3.11,0.2550093735332465,720,1560,65.0,16640,66560
2.4758434,-0.023031269228085877,1.2418911,0.10940421402454376,91.05,2.4,96.05,2.88,0.4227011386607633,739,1584,66.0,16896,67584
2.441885,-0.026280712820589542,1.1599356,0.11160932552069426,90.15,2.27,96.35,2.89,0.29011375271047735,743,1608,67.0,17152,68608
2.4214525,-0.023685664692893623,1.0091931,0.13199490040540696,92.51,2.39,96.49,2.8,0.358984291360945,744,1632,68.0,17408,69632
2.3760858,-0.02882388168014586,1.1871133,0.11884800717234612,91.89,2.23,96.9,2.73,0.5449135335628417,738,1656,69.0,17664,70656
2.3933702,-0.02550987177528441,1.3736358,0.13359562885016202,93.42,2.28,96.38,2.72,0.5492072789862789,730,1680,70.0,17920,71680
2.4525468,-0.02519826911389828,1.0717447,0.13969724103808404,96.14,2.44,96.88,2.58,0.4392575174178084,703,1704,71.0,18176,72704
2.402946,-0.026761533338576556,1.2708477,0.12361105777323246,96.45,2.43,96.74,2.55,0.4434301090388968,691,1728,72.0,18432,73728
2.4082391,-0.027237902078777552,1.2142903,0.12925568290054798,99.46,2.59,96.48,2.72,0.06906405496400425,711,1752,73.0,18688,74752
2.442771,-0.02657568234950304,1.0325823,0.1193551879376173,98.4,2.6,98.58,2.86,0.24697761004460372,740,1776,74.0,18944,75776
2.395355,-0.02686981864273548,1.1932417,0.1273001377284527,96.9,2.63,100.54,2.99,0.4023481380638029,739,1800,75.0,19200,76800
2.4116137,-0.028080442510545253,1.1283921,0.16278291895985603,98.25,2.72,101.73,3.03,0.2620432289613325,735,1824,76.0,19456,77824
2.418417,-0.023113212585449218,1.0300971,0.17762970753014087,100.73,2.97,98.73,2.84,0.16444075273339076,724,1848,77.0,19712,78848
2.4654677,-0.027181438729166986,1.1516244,0.20493433244526385,100.36,2.99,98.9,2.84,0.23460790896037576,733,1872,78.0,19968,79872
2.445913,-0.024675599681213498,1.1385204,0.20764818996191026,97.41,2.86,95.5,2.84,0.27602426978282346,733,1896,79.0,20224,80896
2.4380386,-0.026172314854338765,0.9788698,0.17421746782958508,99.04,2.78,95.24,2.93,0.44653824941137754,695,1920,80.0,20480,81920
2.3877778,-0.030418673949316143,1.2124639,0.16260108508169652,99.33,2.73,98.99,3.27,0.32196277567459863,694,1944,81.0,20736,82944
2.4537213,-0.026522283954545856,0.9674878,0.14746491111814974,99.62,2.79,98.09,3.07,0.21209003469087617,712,1968,82.0,20992,83968
2.3757973,-0.027465482177212834,1.2595009,0.17425279758870602,98.99,2.88,95.66,2.96,0.1927837928370656,741,1992,83.0,21248,84992
2.4312556,-0.02461749984882772,1.0972754,0.1791561409085989,100.17,2.91,92.93,2.78,0.46204545400899044,734,2016,84.0,21504,86016
2.4554741,-0.02606429091654718,1.0080885,0.17479476004838942,99.15,2.85,91.65,2.78,0.3409121478390341,739,2040,85.0,21760,87040
2.3945694,-0.0228302267100662,1.3877721,0.17641950748860835,97.95,2.79,93.05,2.78,0.48010978807326954,737,2064,86.0,22016,88064
2.4067888,-0.024375361166894437,1.3093874,0.14538014568388463,95.79,2.53,93.38,2.66,0.22726347019939874,735,2088,87.0,22272,89088
2.406471,-0.026404686383903028,1.0702503,0.14726365908980368,97.05,2.61,94.65,2.72,-0.06392202744130748,735,2112,88.0,22528,90112
2.399302,-0.02690304320305586,1.1779004,0.16319346092641354,95.3,2.77,93.37,2.5,0.1772481177060271,691,2136,89.0,22784,91136
2.3851676,-0.025198017675429583,1.3591789,0.16026392348110677,94.03,2.8,90.46,2.18,0.4101695501251249,683,2160,90.0,23040,92160
2.3336127,-0.0275701729208231,1.4531846,0.1737355723977089,93.33,2.85,90.03,2.12,-0.015989753617139613,727,2184,91.0,23296,93184
2.3126266,-0.02575654348358512,1.2944877,0.18433591663837434,92.64,2.77,92.43,2.18,0.152474308317747,706,2208,92.0,23552,94208
2.3037493,-0.02438768995925784,1.2892295,0.19585754916071893,92.78,2.91,93.27,2.3,0.18683186631236537,726,2232,93.0,23808,95232
2.3627133,-0.026956596001982688,1.3006836,0.21319314934313296,93.18,3.03,95.25,2.42,0.16322472221354223,732,2256,94.0,24064,96256
2.3126354,-0.02649046682752669,1.3718817,0.19889221660792827,95.07,3.06,95.23,2.64,0.3721929380480702,730,2280,95.0,24320,97280
2.22739,-0.025107892975211144,1.3479006,0.188631774187088,96.84,3.13,96.47,2.89,-0.020732969921461786,728,2304,96.0,24576,98304
2.2637336,-0.02535960467532277,1.4968821,0.15684987522661686,98.9,3.2,96.99,2.95,0.39211785267639354,721,2328,97.0,24832,99328
2.325686,-0.027852054135873914,1.2407882,0.1414524345844984,100.15,3.27,97.28,3.07,0.4446965175376957,699,2352,98.0,25088,100352
2.3508663,-0.02415037451311946,1.4534595,0.13813764601945877,98.22,3.1,97.93,3.15,0.20928488885375407,695,2376,99.0,25344,101376
2.3168101,-0.025966835087165237,1.3919743,0.1339651860296726,101.3,3.15,100.15,3.3,0.29920140357824776,725,2400,100.0,25600,102400
2.3569062,-0.02661523605696857,1.4431927,0.14046558022499084,101.31,3.11,101.38,3.38,0.3753912087325988,734,2424,101.0,25856,103424
2.2122862,-0.02660778995603323,1.4453667,0.14922155894339084,102.09,3.11,102.83,3.42,0.2328430965294781,725,2448,102.0,26112,104448
2.2877765,-0.028378765750676393,1.3710682,0.13976509384810926,100.74,2.91,103.62,3.39,0.3667681877832315,719,2472,103.0,26368,105472
2.1778173,-0.027810675762593745,1.2520176,0.14299725010991096,99.16,2.85,102.4,3.51,0.3192376475890377,719,2496,104.0,26624,106496
2.2367778,-0.027180618215352295,1.2447867,0.174673106148839,99.64,3.03,99.57,3.26,0.04172564451789618,718,2520,105.0,26880,107520
2.315153,-0.030920437779277565,1.2687076,0.17414411872625352,99.17,3.08,96.9,3.14,0.31832254630172596,705,2544,106.0,27136,108544
2.3027315,-0.0302711614407599,1.153743,0.1751830881088972,98.15,3.01,98.2,3.19,0.2935740200493253,715,2568,107.0,27392,109568
2.2333205,-0.026805699151009322,1.13331,0.2363310354948044,99.88,3.21,100.01,3.27,0.27236981829992923,705,2592,108.0,27648,110592
2.2623503,-0.025868873121216895,1.1456177,0.21481122821569443,102.68,3.46,104.76,3.47,-0.013921882990733714,735,2616,109.0,27904,111616
2.1339555,-0.028997262483462693,1.3878776,0.20785322159528732,101.66,3.47,103.86,3.59,0.30856228946959796,718,2640,110.0,28160,112640
2.3236413,-0.028094695499166846,1.2530898,0.20299792259931565,102.71,3.38,101.98,3.54,0.1673615790694024,738,2664,111.0,28416,113664
2.1237593,-0.030702017536386846,1.4506893,0.15880852952599525,98.98,3.15,99.93,3.47,0.2311462831622737,734,2688,112.0,28672,114688
2.3163204,-0.03142592806369066,1.1998852,0.14200825445353984,101.41,3.28,101.65,3.66,0.48411279922208217,735,2712,113.0,28928,115712
2.2105615,-0.028473122343420983,1.2377857,0.15308490075170994,102.44,3.34,104.18,3.61,0.19372497099321528,732,2736,114.0,29184,116736
2.2206936,-0.03166240397840738,1.3024347,0.14938006237149237,104.02,3.18,105.06,3.48,0.2752818552712666,694,2760,115.0,29440,117760
2.2500396,-0.0335395716689527,1.0916715,0.12882472421973945,107.38,3.26,108.27,3.68,0.4440646166008365,698,2784,116.0,29696,118784
2.1177466,-0.03485831378027797,1.3554047,0.13350904326885937,105.18,3.18,106.42,3.59,0.25982719590337766,697,2808,117.0,29952,119808
2.2363956,-0.03349576821550727,1.4064944,0.12500523526221513,104.47,3.07,105.36,3.64,0.45767961477650265,711,2832,118.0,30208,120832
2.2900772,-0.03357669232413173,1.1702366,0.12880439031869173,104.14,3.05,100.76,3.25,0.5273893911032876,701,2856,119.0,30464,121856
2.1896603,-0.03273554650135338,1.4935983,0.15197267867624759,101.46,2.98,102.88,3.28,0.27116146587086554,715,2880,120.0,30720,122880
2.2095256,-0.033044533850625155,1.3479071,0.15022578082978724,103.32,3.13,103.68,3.28,0.48081370762707487,717,2904,121.0,30976,123904
2.1744306,-0.03355276546441019,1.5217471,0.14523711286485194,106.84,3.24,105.06,3.28,0.5604058589097288,710,2928,122.0,31232,124928
2.1966918,-0.03285048871301115,1.4119277,0.167409176081419,110.31,3.4,104.46,3.03,0.2762801680991541,701,2952,123.0,31488,125952
2.067141,-0.030010408721864223,1.5223242,0.18790479443967342,108.62,3.39,103.04,3.04,0.13019167364006878,669,2976,124.0,31744,126976
2.2539542,-0.032297239061445,1.4011496,0.18538901314139367,107.78,3.34,105.22,3.2,0.335255228599841,669,3000,125.0,32000,128000
2.1378007,-0.028170722667127848,1.6530586,0.19076063953340053,108.48,3.55,106.71,3.31,0.4712069976077987,706,3024,126.0,32256,129024
2.1530068,-0.031267598681151865,1.5722167,0.16248367454856635,107.08,3.4,109.64,3.65,0.5513300819077176,716,3048,127.0,32512,130048
2.1887934,-0.03477255021221936,1.6610857,0.1536937078461051,108.41,3.48,110.22,3.67,0.23417212846165336,709,3072,128.0,32768,131072
2.2755904,-0.031154317883774638,1.375959,0.15037215318530797,108.71,3.49,109.9,3.51,0.6063468556453615,717,3096,129.0,33024,132096
2.197331,-0.030944282943382858,1.689074,0.16809279154986143,108.79,3.47,110.82,3.7,0.34916447594724065,719,3120,130.0,33280,133120
2.080893,-0.0334806068520993,1.844762,0.18965351831167937,108.23,3.45,107.27,3.5,0.5318694007485179,721,3144,131.0,33536,134144
2.0866377,-0.027373927710577846,1.4092559,0.18907490685582162,108.47,3.67,110.01,3.68,0.1820378091493905,688,3168,132.0,33792,135168
1.9998987,-0.030849771006032825,1.600795,0.19352856248617173,106.72,3.64,109.92,3.73,0.37076131288379466,663,3192,133.0,34048,136192
2.1070461,-0.029979420052841307,1.7542682,0.17519033946096896,106.06,3.7,111.34,3.81,0.5438392978573224,712,3216,134.0,34304,137216
2.0467002,-0.03132105807773769,1.6026787,0.18090946547687053,108.41,3.88,113.8,3.82,0.5645611186486044,722,3240,135.0,34560,138240
2.034522,-0.03255135243758559,1.6171651,0.16917655415832997,108.33,4.01,112.58,3.82,0.5176465175438725,717,3264,136.0,34816,139264
2.1851535,-0.03642314471304417,1.25683,0.17690144218504428,111.24,4.22,110.36,3.43,0.28017020141300286,717,3288,137.0,35072,140288
2.0429885,-0.03657034423202276,1.8783041,0.2049654034525156,110.96,4.29,108.65,3.19,0.4888683181468566,710,3312,138.0,35328,141312
1.9338396,-0.03828737931326032,2.1750393,0.19830369770526887,109.16,4.09,108.56,3.35,0.4140500260901606,719,3336,139.0,35584,142336
1.9909458,-0.03627843201160431,1.9587258,0.20414083659648896,107.87,4.1,109.83,3.48,0.5497700737883571,718,3360,140.0,35840,143360
2.0816782,-0.03975958853960037,1.4208784,0.19455675095319747,108.95,4.08,110.95,3.43,0.4447769677629445,671,3384,141.0,36096,144384
2.108664,-0.04362105971202254,1.7882305,0.16845155961811542,107.35,3.96,107.75,3.23,0.4442102604952888,657,3408,142.0,36352,145408
2.128426,-0.03931465703062713,1.7288893,0.16513586856424808,106.59,3.93,108.67,3.38,0.4543724631942322,716,3432,143.0,36608,146432
2.1356077,-0.04136646454222501,1.80028,0.16640552453696728,107.12,3.74,111.64,3.6,0.5370914878075461,720,3456,144.0,36864,147456
2.1418495,-0.03763262318447232,1.6900197,0.17347039103507997,104.31,3.52,107.74,3.42,0.1930472549493858,715,3480,145.0,37120,148480
2.1471682,-0.0329884584248066,1.5878879,0.17032787166535854,104.83,3.57,106.01,3.44,0.5172914131386732,718,3504,146.0,37376,149504
2.111649,-0.029878979874774815,1.6395037,0.17237595438957215,102.02,3.36,107.3,3.49,0.48396356964914533,710,3528,147.0,37632,150528
2.143585,-0.0332052708696574,1.6273881,0.15074210464954377,103.43,3.36,106.91,3.45,0.6002401727509854,718,3552,148.0,37888,151552
2.1100588,-0.03183873238041997,1.73699,0.1460936563462019,102.66,3.39,107.66,3.51,0.611447093972738,704,3576,149.0,38144,152576
2.0727208,-0.03654924279078841,1.6000955,0.13539728797972203,101.66,3.43,105.82,3.27,0.5889162549267795,690,3600,150.0,38400,153600
2.1270006,-0.03490743530914187,1.2360371,0.1196129983663559,101.22,3.36,105.61,3.32,0.6184820835452103,704,3624,151.0,38656,154624
2.1651576,-0.03334521040320396,1.5892593,0.11841550327837468,102.23,3.26,105.82,3.28,0.751105766047726,720,3648,152.0,38912,155648
2.0726433,-0.030763643998652695,0.9550015,0.12955954059958458,101.76,3.33,105.01,3.39,0.31517595913860375,731,3672,153.0,39168,156672
2.1514468,-0.03260357633233071,1.5452248,0.13843169838190078,103.94,3.34,104.02,3.21,0.4197297757495474,740,3696,154.0,39424,157696
2.1065307,-0.03832975272089243,1.7748467,0.15889302015304566,106.51,3.58,105.03,3.31,0.45483321032147084,740,3720,155.0,39680,158720
2.1040797,-0.032868339661508796,1.436468,0.17449309125542642,106.62,3.56,106.54,3.31,0.5342491956593811,741,3744,156.0,39936,159744
2.080227,-0.03710831165313721,1.4703809,0.1571082803606987,109.05,3.46,109.82,3.53,0.34084892060112126,742,3768,157.0,40192,160768
2.0441394,-0.037289240658283235,1.5412915,0.14549091931432487,109.7,3.38,107.59,3.58,0.5380851186174049,700,3792,158.0,40448,161792
2.1170146,-0.038980704378336666,1.4294113,0.13012162689119577,109.02,3.36,108.14,3.53,0.7141430803641302,682,3816,159.0,40704,162816
2.021282,-0.038114300109446046,1.7559847,0.12997406501322983,111.76,3.55,110.55,3.49,0.5367955377268145,711,3840,160.0,40960,163840
1.9973878,-0.041026206761598585,1.5756955,0.14074142817407848,114.92,3.6,112.24,3.68,0.3603820078208546,726,3864,161.0,41216,164864
2.0597425,-0.03844167495146394,1.5668235,0.15875179722905158,116.56,3.74,111.9,3.62,0.5700850570467567,732,3888,162.0,41472,165888
2.0929878,-0.03785261433571577,1.6268914,0.16074411474168301,116.56,3.85,112.14,3.59,0.49308892707266594,729,3912,163.0,41728,166912
2.073379,-0.038731267228722575,1.855836,0.15700224980711938,115.12,3.73,113.45,3.59,0.5746044219083991,723,3936,164.0,41984,167936
2.0237725,-0.03892942804843187,1.7267153,0.1423708363622427,113.39,3.63,111.25,3.64,0.6498187399130508,732,3960,165.0,42240,168960
2.134298,-0.04160171217285097,1.7139881,0.1327336385846138,113.85,3.53,112.04,3.61,0.6415659931759117,735,3984,166.0,42496,169984
2.0120113,-0.03701030638068915,1.4968767,0.127798702865839,111.57,3.45,109.84,3.42,0.6615571869241581,694,4008,167.0,42752,171008
2.192507,-0.03763518743216991,1.4178772,0.12588663034141065,108.73,3.55,106.43,3.32,0.6508080444300237,695,4032,168.0,43008,172032
1.992845,-0.03720753289759159,1.6386589,0.13715396836400032,109.56,3.66,108.98,3.29,0.4904236613477453,727,4056,169.0,43264,173056
2.162141,-0.037483531469479206,1.5882564,0.13057258792221546,109.56,3.53,102.65,2.98,0.6961253490876029,728,4080,170.0,43520,174080
2.1030562,-0.03985068304464221,1.5663692,0.13203493379056452,104.35,3.27,99.49,2.79,0.617512003462882,736,4104,171.0,43776,175104
2.2555194,-0.03628709653392434,1.0985403,0.1269176957756281,99.77,2.87,99.53,2.82,0.690903688791254,731,4128,172.0,44032,176128
2.2423828,-0.035608159210532904,1.488745,0.13012670032680035,101.54,2.97,97.55,2.67,0.39489973238461185,735,4152,173.0,44288,177152
2.11805,-0.03792841073125601,1.6884032,0.1361410503834486,101.03,3.01,98.56,2.63,0.606632754815864,742,4176,174.0,44544,178176
2.15898,-0.036727322787046435,1.3897483,0.13621081322431564,100.1,3.09,100.76,2.77,0.5823943112749557,711,4200,175.0,44800,179200
2.2146769,-0.03724420875310898,1.3085384,0.14024793080985545,98.67,3.05,95.72,2.67,0.4471743309711702,680,4224,176.0,45056,180224
2.2958734,-0.035295286234468225,1.3684762,0.13411402985453605,100.21,2.99,98.17,2.85,0.6433672177189769,692,4248,177.0,45312,181248
2.1545224,-0.03707251505926251,1.4326612,0.12536694198846818,97.76,2.91,97.0,2.89,0.6600434634768727,736,4272,178.0,45568,182272
2.0800993,-0.03931634126231074,1.4011662,0.13541264697909355,97.38,2.93,94.56,2.85,0.2141335105228127,712,4296,179.0,45824,183296
2.1261587,-0.03855756476521492,1.2575237,0.13542138159275055,96.61,2.89,98.5,3.12,0.27976614858681126,712,4320,180.0,46080,184320
2.1611705,-0.04145293039269746,1.2377473,0.1409417013078928,100.44,3.21,97.55,3.09,0.06023682132428865,689,4344,181.0,46336,185344
2.2322624,-0.03884645646438003,1.2663314,0.14115912958979607,100.92,3.24,100.5,3.3,0.002296422472558124,708,4368,182.0,46592,186368
2.1597388,-0.03851293537765741,1.282863,0.12351570252329111,104.14,3.34,98.44,3.1,0.42671003754980075,733,4392,183.0,46848,187392
2.2268677,-0.040508788600564005,1.4210601,0.13188219133764506,103.19,3.22,96.03,3.08,0.4364412704688442,720,4416,184.0,47104,188416
2.1420274,-0.04431063063442707,1.4321107,0.1274656429514289,102.34,3.03,95.23,2.84,0.33136956952917307,700,4440,185.0,47360,189440
2.098287,-0.04160898240283131,1.4170016,0.14373915638774634,103.65,3.21,97.84,3.14,0.33929105913184743,724,4464,186.0,47616,190464
2.1084254,-0.04134313990361989,1.3091034,0.15953446295112372,104.51,3.27,98.11,2.96,0.578362788298885,724,4488,187.0,47872,191488
2.11018,-0.041487453347072004,1.4857332,0.15727095142006875,106.95,3.33,100.39,3.08,0.3708308130604837,728,4512,188.0,48128,192512
2.0989127,-0.04207257121801376,1.5377535,0.15771291337907314,108.54,3.39,101.48,3.25,0.46652381590033176,732,4536,189.0,48384,193536
2.2238877,-0.04265800098888576,1.4685171,0.15500022642314434,105.72,3.32,97.92,3.19,0.26251759114959583,733,4560,190.0,48640,194560
2.1511497,-0.04115936704911292,1.3771824,0.1481746907532215,101.63,3.01,98.6,3.23,0.4605036218779104,743,4584,191.0,48896,195584
2.2486455,-0.04101402395404875,1.2634672,0.14394346743822098,101.19,3.13,97.25,3.16,0.3840153123195851,733,4608,192.0,49152,196608
2.2694867,-0.039699777364730834,1.2214608,0.139938825070858,101.09,3.18,99.64,3.34,0.4249009680433742,695,4632,193.0,49408,197632
2.2226996,-0.0435159380082041,1.3302151,0.13726128436625004,103.82,3.4,103.44,3.56,0.44748559835965196,703,4656,194.0,49664,198656
2.2122867,-0.04193041042424738,1.2269583,0.1293318496644497,105.11,3.36,104.17,3.55,0.2712992078187496,710,4680,195.0,49920,199680
2.2154224,-0.04491655590943992,1.3743887,0.12282280258834362,104.95,3.43,100.94,3.3,0.5165348979055515,740,4704,196.0,50176,200704
2.269705,-0.04611102160066366,1.4317559,0.1231552641093731,102.54,3.24,100.01,3.38,0.20763305709614788,716,4728,197.0,50432,201728
2.163755,-0.04718677321448922,1.3686286,0.11724458172917367,103.29,3.19,102.55,3.66,0.26222826038943325,738,4752,198.0,50688,202752
2.2554986,-0.04723661564290524,1.5898677,0.13342322781682014,105.79,3.32,101.94,3.63,0.19025722886406238,718,4776,199.0,50944,203776
2.24708,-0.04213701194152236,1.586758,0.13266239292919635,107.06,3.37,104.9,3.58,0.3604987858746679,733,4800,200.0,51200,204800
2.3091593,-0.041421430446207524,1.4493045,0.1489043153077364,107.66,3.56,107.66,3.68,0.5211777321890807,723,4824,201.0,51456,205824
2.271826,-0.04111654121428728,1.3947762,0.14042309042066337,107.67,3.39,108.0,3.66,0.5030433908463258,666,4848,202.0,51712,206848
2.2668154,-0.038812093678861855,1.479754,0.13935738164931535,105.93,3.36,106.12,3.63,0.29586571404223505,661,4872,203.0,51968,207872
2.2168455,-0.041083332560956476,1.4817129,0.13591491866856814,104.65,3.24,102.28,3.5,0.45285534645219827,733,4896,204.0,52224,208896
2.29972,-0.04357441244646907,1.4315202,0.10941730733960867,100.89,3.11,104.36,3.5,0.30822115536859074,734,4920,205.0,52480,209920
2.268188,-0.0408937843516469,1.2882512,0.10524731110781431,103.53,3.15,104.73,3.4,0.3772266407379531,723,4944,206.0,52736,210944
2.252829,-0.04196592690423131,1.3025993,0.10119798712432385,103.39,3.23,103.84,3.41,0.45549328063856054,729,4968,207.0,52992,211968
2.3368115,-0.04326423913240433,1.2632099,0.09838824719190598,101.53,3.13,100.02,3.02,0.39734141485461627,699,4992,208.0,53248,212992
2.1511729,-0.044274342563003305,1.4215009,0.11299485597759486,99.16,3.07,99.29,2.94,0.26754460516069,705,5016,209.0,53504,214016
2.3100746,-0.044699790496379135,1.1249312,0.1138682808354497,98.69,3.07,100.8,3.2,0.4805241578763043,702,5040,210.0,53760,215040
2.2695847,-0.043001691941171885,1.0938998,0.12413727950304747,100.52,2.99,97.28,3.01,0.27421615247419895,701,5064,211.0,54016,216064
2.3040106,-0.044728573523461816,1.0339807,0.11944744784384966,99.82,3.05,99.53,3.22,0.46181856571599067,691,5088,212.0,54272,217088
2.2474613,-0.03880887328647077,1.249144,0.1097342685982585,96.94,2.81,99.5,3.29,0.4175559520661809,690,5112,213.0,54528,218112
2.2763908,-0.04213743853382766,1.0368978,0.12628483518958092,97.38,2.9,99.62,3.36,0.3455902336270087,688,5136,214.0,54784,219136
2.3389716,-0.04386552830226719,1.138998,0.13068714544177054,99.96,3.11,97.13,3.35,0.11112780283877455,711,5160,215.0,55040,220160
2.2999578,-0.04386085219681263,1.4324597,0.16496392875909804,98.99,3.38,96.33,3.25,0.13536461785271447,702,5184,216.0,55296,221184
2.2827044,-0.045468439934775236,1.3801028,0.19020700410008431,97.45,3.37,97.71,3.18,0.15530849499362342,691,5208,217.0,55552,222208
2.2361102,-0.04580463553778827,1.2102698,0.17917342342436313,98.72,3.54,100.52,3.36,0.2204437425784438,711,5232,218.0,55808,223232
2.334242,-0.046991678709164264,1.2050611,0.1613206198811531,97.07,3.38,98.53,3.33,0.2566311611145772,716,5256,219.0,56064,224256
2.3615372,-0.045165385529398916,1.1159912,0.1267933299392462,98.07,3.42,98.15,3.16,0.34592695684681085,690,5280,220.0,56320,225280
2.298623,-0.04677971912547946,1.3251587,0.11334170572459698,96.95,3.28,94.75,3.02,0.4128265347441593,686,5304,221.0,56576,226304
2.3023305,-0.0421618883870542,1.3108337,0.13400418385863305,97.94,3.37,94.67,2.96,0.48295702884580094,706,5328,222.0,56832,227328
2.35036,-0.0402033139206469,1.4241267,0.15773639991879462,98.43,3.59,96.21,2.98,0.14059825292049188,730,5352,223.0,57088,228352
2.2452197,-0.04410271791741252,1.4347641,0.16023716539144517,97.35,3.43,96.46,2.94,0.47668411011481626,698,5376,224.0,57344,229376
2.310234,-0.04208414239808917,1.4160587,0.1925352267920971,96.38,3.32,96.42,3.03,0.2696469980844002,721,5400,225.0,57600,230400
2.3167892,-0.046105872467160226,1.462134,0.19067457690835,98.27,3.33,98.13,3.17,0.43605839103372346,727,5424,226.0,57856,231424
2.3187284,-0.04103127870708704,1.3321961,0.1717664822191,94.95,3.09,96.31,3.16,0.1937301378651839,741,5448,227.0,58112,232448
2.2594216,-0.04210411425679922,1.3796519,0.17755177408456801,96.02,3.12,96.53,3.25,0.4813828462106299,725,5472,228.0,58368,233472
2.3238535,-0.042636131308972834,1.4057037,0.14131919749081134,96.12,3.18,97.33,3.3,0.5272087728930164,735,5496,229.0,58624,234496
2.2770352,-0.04124794663861394,1.2942085,0.12577021583914758,95.78,3.22,97.73,3.44,0.4190623712504522,731,5520,230.0,58880,235520
2.3071225,-0.042600485626608134,1.0610918,0.11213588625192643,94.67,3.12,97.78,3.41,0.6492880477940705,707,5544,231.0,59136,236544
2.2058623,-0.044237490966916086,1.287657,0.1156508856266737,94.73,2.9,95.82,3.28,0.4971484964230356,732,5568,232.0,59392,237568
2.1977363,-0.041402143500745295,1.298781,0.1375362475961447,96.47,2.87,96.42,3.37,0.2690168524606782,709,5592,233.0,59648,238592
2.2470615,-0.04025832826271653,1.2050147,0.14752048052847386,98.01,3.1,94.64,3.31,0.23414956025441902,720,5616,234.0,59904,239616
2.2302046,-0.04282923692837357,1.6217046,0.18048272386193276,98.69,3.04,97.82,3.54,0.4416861880989601,737,5640,235.0,60160,240640
2.2285008,-0.0407871432416141,1.1285295,0.18714553743600845,100.1,3.15,96.03,3.52,0.24426044353677434,697,5664,236.0,60416,241664
2.1595166,-0.04243747008964419,1.2467642,0.16013257205486298,102.59,3.25,97.76,3.55,0.5154116942171463,716,5688,237.0,60672,242688
2.2920575,-0.045231483858078715,0.9565348,0.14935330338776112,104.85,3.3,96.99,3.34,0.21855389958966842,714,5712,238.0,60928,243712
2.2427402,-0.045093361530452965,1.115906,0.12479319855570793,103.76,3.19,97.68,3.39,0.3045536910284248,692,5736,239.0,61184,244736
2.2855992,-0.04053184287622571,1.0892453,0.10109995827078819,102.01,3.16,99.5,3.42,0.231077666348959,704,5760,240.0,61440,245760
2.2463439,-0.04407751423306763,1.1790539,0.11514731135219336,103.99,3.31,99.91,3.39,0.26748705060676703,690,5784,241.0,61696,246784
2.240013,-0.04200233525596559,1.2266775,0.12806016847491264,102.42,3.41,103.58,3.55,0.16227182455157696,715,5808,242.0,61952,247808
2.2713706,-0.041473070112988356,1.2419642,0.12116067290306091,103.85,3.55,103.78,3.54,0.5313613104676277,708,5832,243.0,62208,248832
2.2264004,-0.04308540672063828,1.3718117,0.16679830178618432,105.49,3.57,104.61,3.52,0.3621260086420691,696,5856,244.0,62464,249856
2.2102315,-0.042686362406238916,1.4183587,0.16719045296311377,105.03,3.55,102.28,3.26,0.40802333783953104,728,5880,245.0,62720,250880
2.1106668,-0.043448848100379106,1.4072201,0.1809149245917797,105.79,3.6,102.12,3.39,0.38052860194405824,716,5904,246.0,62976,251904
2.236816,-0.04595188562758267,1.2232114,0.18578451432287693,102.94,3.44,100.56,3.25,0.5730196802481577,713,5928,247.0,63232,252928
2.254916,-0.04011490870267153,1.4218047,0.1814964997768402,100.03,3.48,101.03,3.25,0.34442639476419046,725,5952,248.0,63488,253952
2.2062619,-0.0422595470957458,1.6832632,0.17429453022778035,100.48,3.51,101.2,3.35,0.6160744875831836,722,5976,249.0,63744,254976
2.2735052,-0.044596247877925634,1.4651529,0.16989539690315725,101.3,3.61,100.77,3.35,0.5289463420054107,707,6000,250.0,64000,256000
2.204109,-0.043003866458311675,1.3706009,0.16304659008979797,101.21,3.54,100.16,3.37,0.6527369713515878,729,6024,251.0,64256,257024
2.1932578,-0.04332292469218373,1.4167823,0.16649549216032028,102.01,3.45,100.0,3.43,0.394548502294801,728,6048,252.0,64512,258048
2.1725917,-0.044837811421602966,1.5873368,0.19300587922334672,99.0,3.58,100.48,3.4,0.16795628172378274,721,6072,253.0,64768,259072
2.0995622,-0.041992223327979444,1.5808973,0.17827700056135654,95.8,3.25,100.61,3.36,0.4984199635170783,695,6096,254.0,65024,260096
2.1394532,-0.042956252936273816,1.3359245,0.23680756844580172,96.97,3.42,100.27,3.36,0.11900892469910207,719,6120,255.0,65280,261120
2.1904786,-0.04109474567696452,1.7161596,0.21739042446017265,97.75,3.54,99.55,3.33,0.5755591071136642,719,6144,256.0,65536,262144
2.184169,-0.03990589630790055,1.8338729,0.18817100405693055,100.09,3.67,100.72,3.44,0.7315682917617751,731,6168,257.0,65792,263168
2.2427332,-0.03968935275450349,1.657229,0.1912394218146801,101.96,3.62,102.38,3.67,0.5259946830551949,705,6192,258.0,66048,264192
2.1936233,-0.03993273241445422,1.9394289,0.16864273846149444,102.42,3.7,98.99,3.3,0.4317448601699442,702,6216,259.0,66304,265216
2.1321547,-0.04407595906406641,2.049198,0.18434658594429493,101.5,3.64,97.66,3.35,0.40953601658831484,679,6240,260.0,66560,266240
2.1321497,-0.03971623107790947,2.082042,0.20823572531342507,103.68,3.89,99.76,3.34,0.5464920259039324,715,6264,261.0,66816,267264
2.1380796,-0.04176893437281251,2.2188308,0.23948769859969615,105.79,4.06,99.5,3.43,0.40057608035039816,713,6288,262.0,67072,268288
2.0864165,-0.04628024526871741,2.1034992,0.23722143664956094,106.59,4.07,100.5,3.53,0.5129748222084286,702,6312,263.0,67328,269312
2.187331,-0.04187669550068676,1.6741041,0.20746619902551175,107.14,3.98,99.85,3.7,0.6735098090456858,726,6336,264.0,67584,270336
2.2316458,-0.04601501273922622,1.7452184,0.18685937456786633,109.27,4.01,101.69,3.65,0.5969625121838811,728,6360,265.0,67840,271360
2.1869462,-0.049622990181669595,1.580827,0.1559817887097597,104.59,3.71,102.15,3.61,0.42059639167382556,707,6384,266.0,68096,272384
2.1949794,-0.04808690628968179,1.5766177,0.1456075568497181,103.64,3.67,99.31,3.4,0.40022781323144563,716,6408,267.0,68352,273408
2.1701412,-0.04753735617734492,1.5968469,0.1433261737972498,100.16,3.53,98.38,3.37,0.5709543007117324,702,6432,268.0,68608,274432
2.2585025,-0.05002670899033546,1.291214,0.1460313744097948,100.38,3.52,100.64,3.4,0.3205249183885954,699,6456,269.0,68864,275456
2.2708423,-0.0505289916228503,1.3031126,0.13347697585821153,99.26,3.29,104.19,3.52,0.518871481284056,706,6480,270.0,69120,276480
2.241832,-0.04640959160402417,1.2903181,0.12866614043712615,96.58,3.09,104.32,3.53,0.23353485006423402,718,6504,271.0,69376,277504
2.2522883,-0.04469189397059381,1.3970215,0.13904260627925397,97.58,3.14,102.73,3.35,0.21491065827175249,710,6528,272.0,69632,278528
2.225314,-0.045851767491549254,1.4053063,0.12792085960507393,98.1,3.16,101.11,2.93,0.27810775203549143,702,6552,273.0,69888,279552
2.1785138,-0.04727255298756063,1.4306272,0.13365590490400792,96.22,3.06,101.59,2.92,0.4113852268935243,715,6576,274.0,70144,280576
2.1411884,-0.047620100332424045,1.3612657,0.15069140553474425,95.99,3.01,100.41,3.08,0.4307899981315708,710,6600,275.0,70400,281600
2.1359975,-0.04750172069296241,1.2024019,0.14603947184979915,94.17,3.02,100.61,3.0,0.26099688574675717,672,6624,276.0,70656,282624
2.1792357,-0.047488573323935274,1.5787578,0.15964654520153998,93.0,2.92,102.75,3.1,0.45752100144654784,712,6648,277.0,70912,283648
2.1290805,-0.04755684467032552,1.4176662,0.1705430094152689,95.35,2.97,103.89,3.09,0.4127602678435244,722,6672,278.0,71168,284672
2.1201153,-0.047755714766681195,1.2460123,0.16424308627843856,96.07,3.14,105.39,3.3,0.4514282132329652,719,6696,279.0,71424,285696
2.1596951,-0.04823283377103507,1.3614765,0.15559087932109833,99.22,3.51,102.4,3.17,0.5130270530085921,719,6720,280.0,71680,286720
2.191544,-0.04873018127866089,1.3383167,0.139725157096982,101.17,3.56,103.82,3.15,0.47819780282043045,718,6744,281.0,71936,287744
2.0727358,-0.04835135666653514,1.5360202,0.14110106498003006,101.27,3.61,106.2,3.33,0.3432344031492016,732,6768,282.0,72192,288768
2.1289837,-0.049976895693689585,1.5434583,0.13119866631925106,101.75,3.64,107.26,3.4,0.3031838522196574,719,6792,283.0,72448,289792
2.1327455,-0.05200890727341175,1.4023867,0.1446673998236656,104.78,3.87,107.31,3.55,0.07735249912994702,725,6816,284.0,72704,290816
2.0988426,-0.05388785976916552,1.4604665,0.15208325102925302,107.68,3.98,110.04,3.7,0.4864740944912562,703,6840,285.0,72960,291840
2.1455152,-0.04914133354090154,1.5774871,0.14954846747219563,110.03,4.04,111.28,3.87,0.45913402768316336,727,6864,286.0,73216,292864
2.181771,-0.049590051351115105,1.3338933,0.14693424589931964,110.64,3.99,111.16,3.89,0.5163080075709233,722,6888,287.0,73472,293888
2.1769786,-0.04838336767628789,1.5101124,0.1475144013762474,112.15,4.15,109.57,3.89,0.31093534774887077,728,6912,288.0,73728,294912
2.1725097,-0.04849358357489109,1.3886658,0.1535640127956867,111.49,4.22,108.49,3.76,0.21634369172467083,700,6936,289.0,73984,295936
2.0838964,-0.046898894868791105,1.6554142,0.16279791310429573,114.08,4.47,108.03,3.73,0.44594026316277247,711,6960,290.0,74240,296960
2.1231134,-0.05008196340873838,1.2814004,0.15240603867918254,113.18,4.13,109.22,3.83,0.32056827929393084,702,6984,291.0,74496,297984
2.1120477,-0.05080811699852347,1.6391553,0.14901307817548515,111.37,4.15,107.81,3.65,0.4936017573389184,726,7008,292.0,74752,299008
2.1087651,-0.04772227281704545,1.3630648,0.13712864082306622,110.64,4.06,106.76,3.68,0.41729245347772514,713,7032,293.0,75008,300032
2.0655832,-0.04758800338953734,1.5908892,0.11995251897722482,110.25,3.95,106.09,3.52,0.6472424518785647,717,7056,294.0,75264,301056
2.0784879,-0.0443260327167809,1.2548882,0.12930206801742317,107.43,3.83,102.6,3.29,0.48241519316063475,665,7080,295.0,75520,302080
2.0302806,-0.047315698340535166,1.3369112,0.12695139773190023,107.12,3.73,98.3,3.09,0.28911203013167,726,7104,296.0,75776,303104
2.049739,-0.04763613406568765,1.392347,0.11942556887865066,107.4,3.82,100.14,3.09,0.601535261225114,708,7128,297.0,76032,304128
2.0589457,-0.046040481217205526,1.3492925,0.14056307852268218,107.65,3.88,100.86,3.08,0.2753525828775174,719,7152,298.0,76288,305152
2.0237303,-0.04727338489145041,1.3002534,0.15402334034442902,109.45,3.88,102.73,3.22,0.3250889542067883,703,7176,299.0,76544,306176
2.062564,-0.04807799706235528,1.36905,0.14028140362352132,105.28,3.49,100.65,3.18,0.4059465861458895,719,7200,300.0,76800,307200
2.0840116,-0.04933635491877794,1.2949433,0.13695961702615023,107.17,3.53,99.35,3.11,0.5177105243667437,717,7224,301.0,77056,308224
2.105902,-0.04956648893654347,1.2907376,0.13569705445319413,107.32,3.66,99.59,3.26,0.4212488362635679,709,7248,302.0,77312,309248
2.0542336,-0.04900129856541753,1.4755793,0.13533759135752915,108.37,3.71,97.75,3.19,-0.027703459216567028,695,7272,303.0,77568,310272
2.1253448,-0.046977155515924095,1.4819582,0.148634290471673,104.8,3.47,98.51,3.37,0.2909176469350466,731,7296,304.0,77824,311296
2.1206899,-0.05376960069872439,1.4981406,0.1627781057357788,111.6,3.84,100.31,3.41,0.4667733964031682,728,7320,305.0,78080,312320
2.1486285,-0.05225829422473907,1.580706,0.17276015728712082,110.83,3.78,101.63,3.4,0.4628215563059723,716,7344,306.0,78336,313344
2.1439736,-0.049737610332667825,1.4120772,0.16995716594159604,109.36,3.77,105.02,3.59,0.3490324149377757,705,7368,307.0,78592,314368
2.1463008,-0.052357148081064224,1.3340131,0.17818147696554662,109.85,3.83,107.12,3.63,0.2491300403044171,709,7392,308.0,78848,315392
2.1636245,-0.046123137567192316,1.5569856,0.19652920864522458,112.22,4.0,106.16,3.83,0.22053596769890194,729,7416,309.0,79104,316416
2.1485436,-0.04568880081176758,1.3421214,0.18985518999397755,108.18,3.72,106.37,3.72,0.02819232249849124,722,7440,310.0,79360,317440
2.102164,-0.048308098204433915,1.4895017,0.1834899216890335,108.34,3.83,107.07,3.63,0.5179447976601113,722,7464,311.0,79616,318464
2.1308777,-0.047719395216554404,1.47484,0.1840490911900997,110.25,4.2,109.31,3.82,0.3938343729569208,724,7488,312.0,79872,319488
2.1337569,-0.0497948388196528,1.5701331,0.1616372161358595,106.37,3.82,107.3,3.73,0.3386204683445132,717,7512,313.0,80128,320512
2.1435094,-0.0522379195317626,1.5940166,0.16196783125400543,108.58,4.09,110.51,3.91,0.45212456110624255,696,7536,314.0,80384,321536
2.028565,-0.051226890310645104,1.8369528,0.18460171662271022,104.25,4.09,110.25,3.87,0.33302858254966516,724,7560,315.0,80640,322560
2.110098,-0.0527867341414094,1.5674818,0.17006277024745942,101.81,3.97,110.34,3.88,0.5095420677033202,699,7584,316.0,80896,323584
2.020217,-0.05422552915289998,1.9183756,0.18041551776230336,104.73,4.12,109.27,3.9,0.5308001917625129,706,7608,317.0,81152,324608
2.0097702,-0.05472894657403231,1.8108914,0.1840974774211645,107.1,4.18,108.67,3.88,0.32729906034938827,727,7632,318.0,81408,325632
2.0790431,-0.05590808676555753,1.731776,0.1679180981218815,103.29,3.85,108.49,3.87,0.5088996600953035,694,7656,319.0,81664,326656
2.007169,-0.052440339140594004,1.3672152,0.17284260608255864,106.06,3.94,109.31,3.77,0.5350011597543958,682,7680,320.0,81920,327680
2.10281,-0.052189993727952244,1.1280124,0.1495263570919633,106.76,3.89,110.78,3.72,0.5370980792695725,708,7704,321.0,82176,328704
2.0108836,-0.05004954313859344,1.5722076,0.13930715057998896,107.04,3.62,113.67,3.93,0.4526486840502014,709,7728,322.0,82432,329728
2.0465348,-0.052060329839587215,1.5172775,0.13947301242500543,107.19,3.59,112.39,3.88,-0.10432866040184985,701,7752,323.0,82688,330752
2.1020012,-0.054617204749956724,1.5732312,0.14366620931774376,107.21,3.47,112.24,3.92,0.41194971369953937,735,7776,324.0,82944,331776
2.0161796,-0.050985964136198166,1.6053257,0.15431087665259838,108.63,3.47,110.84,3.89,0.4038727504440718,707,7800,325.0,83200,332800
2.0392544,-0.05188744674436748,1.5658472,0.15638101421296596,105.9,3.37,109.11,3.72,0.38878712657444925,720,7824,326.0,83456,333824
2.0608578,-0.05376127396710217,1.4353294,0.1568853871524334,105.62,3.25,110.16,3.89,0.29321654609902004,699,7848,327.0,83712,334848
2.0048277,-0.052555848844349384,1.4451406,0.14465093515813351,100.7,3.05,109.1,3.84,0.34599376533052784,677,7872,328.0,83968,335872
2.1167796,-0.05033967990428209,1.0297104,0.1477670183032751,104.18,3.43,107.27,3.64,-0.014954186499733568,691,7896,329.0,84224,336896
2.122181,-0.05054544914513826,1.0911707,0.13466391820460558,102.59,3.24,109.41,3.72,0.44735375734809524,696,7920,330.0,84480,337920
2.07243,-0.046246017441153524,1.3273062,0.1305248574540019,101.07,3.27,110.83,3.89,0.48403642895074617,698,7944,331.0,84736,338944
2.119146,-0.048578474391251805,1.1082493,0.12662359546869995,98.97,3.21,106.5,3.76,0.23891075866917866,712,7968,332.0,84992,339968
2.2138343,-0.049131331816315654,1.282925,0.11287062752991915,98.76,3.2,105.99,3.71,0.40312690298125686,727,7992,333.0,85248,340992
2.1682477,-0.05055551556870341,1.1895273,0.10535396780818701,99.3,3.21,107.91,3.61,0.30245985332996284,727,8016,334.0,85504,342016
1.9676784,-0.05446205920539796,1.0878937,0.09051436100155115,99.71,3.02,108.74,3.6,0.529465884516675,681,8040,335.0,85760,343040
2.079319,-0.053621354047209024,1.2961733,0.08680103559046984,99.38,2.94,109.25,3.62,0.39663591474846893,711,8064,336.0,86016,344064
2.1483614,-0.05337702623568475,1.3516465,0.08532599534839391,99.35,2.89,113.06,3.82,0.4734827917261826,697,8088,337.0,86272,345088
1.9796305,-0.051112007657065986,1.2881032,0.09531156644225121,96.55,2.64,111.73,3.61,0.3830557536933271,706,8112,338.0,86528,346112
2.0604863,-0.051220807665959,1.1085143,0.11694509528577328,96.39,2.75,111.56,3.67,0.38929053291998583,735,8136,339.0,86784,347136
1.9826897,-0.05146285098977387,1.350804,0.12018459729850292,97.35,2.82,113.24,3.84,0.4564956477878792,692,8160,340.0,87040,348160
2.0366604,-0.04922054285183549,1.3264147,0.13342858240008354,95.95,2.63,110.47,3.56,0.08312573991505234,732,8184,341.0,87296,349184
1.975792,-0.05077174998819828,1.199577,0.1307189614325762,94.87,2.63,110.56,3.54,0.3845984189298429,736,8208,342.0,87552,350208
2.1072097,-0.05275578677654266,1.1429338,0.11124289069324732,94.03,2.56,111.32,3.45,0.512855761219555,743,8232,343.0,87808,351232
2.079123,-0.05283676089718938,1.1011376,0.11826967153698206,91.56,2.6,111.9,3.37,0.373666867182218,725,8256,344.0,88064,352256
2.1431267,-0.05360501457005739,1.073064,0.0976840129122138,92.08,2.59,110.66,3.25,0.6067296100129356,728,8280,345.0,88320,353280
2.1953876,-0.051555954311043026,1.0849379,0.10215154845267534,92.47,2.69,111.09,3.25,0.43429161166867125,722,8304,346.0,88576,354304
2.106436,-0.05000179285183549,0.90959585,0.1095376306399703,93.3,2.75,106.98,3.0,0.5553972154084008,739,8328,347.0,88832,355328
2.150733,-0.05336905296891928,0.96033305,0.10308235675096512,89.13,2.43,104.09,2.8,-0.0033776486903824843,725,8352,348.0,89088,356352
2.1168325,-0.04888669423758984,0.9898051,0.12954721856862306,91.33,2.66,103.18,2.64,0.22716161771568932,725,8376,349.0,89344,357376
2.0424023,-0.05011080306954682,1.1683435,0.12970074065029621,91.69,2.71,100.12,2.52,0.4743490991134469,700,8400,350.0,89600,358400
2.0275533,-0.05215518849901855,1.2405171,0.1409604024887085,93.34,2.79,97.44,2.48,0.38612249130216103,728,8424,351.0,89856,359424
2.095066,-0.04922156871296465,1.0031462,0.14003926321864127,93.32,2.95,95.26,2.54,0.4800382676165098,691,8448,352.0,90112,360448
2.0859985,-0.050686165178194645,1.0076144,0.12035129383206368,92.48,2.84,93.21,2.6,0.16118482239462972,735,8472,353.0,90368,361472
1.9677529,-0.05332289032638073,0.96038,0.1153251926600933,93.94,2.99,92.87,2.82,0.3460258392478025,727,8496,354.0,90624,362496
2.0307655,-0.055146014271304014,0.9870742,0.11567279279232025,94.65,3.14,92.05,2.86,0.24598113458483895,721,8520,355.0,90880,363520
2.1376836,-0.052643950236961244,0.9318081,0.11363305322825909,96.08,3.17,94.76,3.01,0.2614599810896697,729,8544,356.0,91136,364544
2.1176736,-0.051054736161604525,0.90675557,0.11825385883450508,98.11,3.21,97.22,3.29,0.40882657061934413,722,8568,357.0,91392,365568
1.9915633,-0.052247374663129446,1.1798294,0.13071748211979867,98.57,3.3,95.82,3.13,0.14505573218214307,727,8592,358.0,91648,366592
2.1004584,-0.04950297260656953,1.0932224,0.12837346889078616,98.54,3.15,98.05,3.44,0.36525899148730345,723,8616,359.0,91904,367616
2.0986571,-0.05193587403744459,1.2164577,0.13060732319951057,99.9,3.32,98.43,3.44,0.061907787131368464,716,8640,360.0,92160,368640
2.051473,-0.05184169389307499,1.263061,0.12395797543227673,97.65,3.09,99.18,3.4,0.524668404976217,721,8664,361.0,92416,369664
2.0962796,-0.05247014643624425,1.2958382,0.10798257511109113,97.84,3.05,100.43,3.41,0.5808479215030478,715,8688,362.0,92672,370688
2.0709429,-0.04869880361482501,1.1689239,0.09475262220948935,100.62,3.12,100.88,3.42,0.4915324828805404,736,8712,363.0,92928,371712
2.0417275,-0.04942950052209198,1.1864291,0.10763196732848883,100.78,3.09,101.17,3.34,0.4399634793614934,734,8736,364.0,93184,372736
2.0786808,-0.054022123934701086,1.2543156,0.10804612729698419,99.16,2.84,104.1,3.41,0.3893886814903246,699,8760,365.0,93440,373760
2.1454492,-0.05431204966269434,0.96159595,0.11346667446196079,99.49,2.87,103.73,3.45,0.3839826882198588,694,8784,366.0,93696,374784
2.032807,-0.05381952957250178,1.09577,0.12337739426642656,99.43,2.95,104.14,3.32,0.5873608722798358,658,8808,367.0,93952,375808
2.0853856,-0.05221598286181688,1.0398209,0.1095225428417325,99.68,2.82,105.87,3.5,0.47825436392445464,707,8832,368.0,94208,376832
2.0892375,-0.05393588392995298,1.0700264,0.1089759263023734,98.25,2.66,107.56,3.59,0.2691435097738599,682,8856,369.0,94464,377856
2.1105487,-0.051996792061254384,1.104082,0.10344183526933193,99.95,2.77,104.9,3.28,0.3014854868779039,715,8880,370.0,94720,378880
2.010616,-0.050501140290871264,1.0510013,0.11666172835975885,101.57,2.99,106.25,3.45,0.07177220420860564,682,8904,371.0,94976,379904
2.0726728,-0.05325266375206411,1.1685957,0.12662457998842,101.05,3.04,107.9,3.45,0.31175228960838386,663,8928,372.0,95232,380928
2.0293045,-0.05526743239723146,1.0050255,0.13578481260687114,100.02,3.27,108.02,3.43,0.4116945885650244,696,8952,373.0,95488,381952
2.0122502,-0.050344231808558106,1.1157001,0.13838631235063076,98.66,2.94,108.6,3.48,0.494891629569012,684,8976,374.0,95744,382976
2.0852754,-0.04947008262388408,1.0639145,0.12632144674658774,101.25,3.15,106.21,3.35,0.369211091658168,711,9000,375.0,96000,384000
2.0487177,-0.04936949455179274,1.0395551,0.12600257396697997,100.88,3.22,107.16,3.35,0.49880058098276825,699,9024,376.0,96256,385024
2.0613325,-0.05038928548805416,1.070996,0.12883663654327393,100.17,3.21,107.44,3.39,0.47428713882489393,711,9048,377.0,96512,386048
2.100573,-0.051794936265796426,0.95876896,0.1289004647731781,100.36,3.23,108.46,3.39,0.16112118256816732,717,9072,378.0,96768,387072
